source_code,institution,product_name,domain,access_method,endpoint_or_reference,expected_frequency_minutes,criticality,classification,status,limitations,responsible_role
INMET_ALERTS,INMET,Avisos meteorológicos oficiais,alerts,http,Definir endpoint oficial homologado,5,high,public,pending_homologation,Cobertura territorial não confirma ocorrência local,Operação meteorológica
INMET_BDMEP,INMET,Histórico de estações convencionais BDMEP,meteorology,manual_file,CSV obtido em fonte oficial ou URL homologada,1440,medium,public,pending_homologation,Série histórica pode conter lacunas e alterações de instrumento,Administração de dados
REDEMET_METAR_SBBH,REDEMET/DECEA,METAR e SPECI SBBH,aviation,http,Endpoint autenticado configurado por variável de ambiente,15,medium,public,pending_homologation,Contexto regional; não é medição direta de Betim,Operação meteorológica
REDEMET_METAR_SNDV,REDEMET/DECEA,METAR e SPECI SNDV,aviation,http,Endpoint autenticado configurado por variável de ambiente,15,medium,public,pending_homologation,Contexto regional; não é medição direta de Betim,Operação meteorológica
MONITORAR_AIR,Semad/FEAM/MonitorAr,Qualidade do ar e disponibilidade,air_quality,http,Definir endpoint ou arquivo oficial homologado,60,high,public,pending_homologation,Estação cadastrada pode não estar transmitindo,Meio Ambiente
INPE_FIRE,INPE Programa Queimadas,Focos de calor e risco de fogo,fire,http,Definir serviço OGC ou API oficial homologada,15,high,public,pending_homologation,Foco detectado por satélite não equivale a incêndio confirmado,Meio Ambiente
CEMADEN_HYDRO,Cemaden,Pluviômetros e produtos hidrometeorológicos,hydrology,http,Definir produto oficial homologado,15,high,internal,pending_homologation,Disponibilidade e cobertura variam por produto,Defesa Civil
MUNICIPAL_OCCURRENCES,Prefeitura de Betim,Ocorrências Defesa Civil e fiscalização,incident_report,manual_file,Integração municipal mediante acordo,15,high,restricted,pending_agreement,Contém dados operacionais e possivelmente pessoais,Defesa Civil
MUNICIPAL_COMPLAINTS,Prefeitura de Betim,Denúncias ambientais agregadas,incident_report,manual_file,Integração municipal mediante acordo,60,medium,restricted,pending_agreement,Relatos não confirmam ocorrência e dados pessoais ficam em zona restrita,Meio Ambiente
